ticker,date,period_ending,estimate,reported,surprise,surprise%
A,25-May-21,21-Apr,0.82,0.97,0.15,18.29
AA,15-Apr-21,21-Mar,0.48,0.79,0.31,64.58
AAL,22-Apr-21,21-Mar,-4.35,-4.32,0.03,0.69
AAP,2-Jun-21,21-Mar,3.08,3.34,0.26,8.44
AAPL,28-Apr-21,21-Mar,1,1.4,0.4,40
ABBV,30-Apr-21,21-Mar,2.77,2.95,0.18,6.5
ABC,5-May-21,21-Mar,2.51,2.53,0.02,0.8
ABMD,29-Apr-21,21-Mar,1.1,1.24,0.14,12.73
ABT,20-Apr-21,21-Mar,1.33,1.32,-0.01,-0.75
ACC,19-Apr-21,21-Mar,0.56,0.11,-0.45,-80.36
ACGL,27-Apr-21,21-Mar,0.5,0.59,0.09,18
ACHC,29-Apr-21,21-Mar,0.45,0.47,0.02,4.44
ACI,26-Apr-21,21-Feb,0.5,0.6,0.1,20
ACM,10-May-21,21-Mar,0.63,0.67,0.04,6.35
ACN,18-Mar-21,21-Feb,1.9,2.03,0.13,6.84
ADBE,23-Mar-21,21-Feb,2.79,3.14,0.35,12.54
ADI,19-May-21,21-Apr,1.45,1.54,0.09,6.21
ADM,27-Apr-21,21-Mar,1,1.39,0.39,39
ADP,28-Apr-21,21-Mar,1.82,1.89,0.07,3.85
ADPT,5-May-21,21-Mar,-0.41,-0.29,0.12,29.27
ADS,29-Apr-21,21-Mar,3.23,6.28,3.05,94.43
ADSK,27-May-21,21-Apr,0.94,1.03,0.09,9.57
ADT,5-May-21,21-Mar,0.15,-0.07,-0.22,-146.67
AEE,10-May-21,21-Mar,0.79,0.91,0.12,15.19
AEP,22-Apr-21,21-Mar,1.23,1.15,-0.08,-6.5
AES,6-May-21,21-Mar,0.3,0.28,-0.02,-6.67
AFG,4-May-21,21-Mar,1.74,2.38,0.64,36.78
AFL,28-Apr-21,21-Mar,1.2,1.53,0.33,27.5
AGCO,29-Apr-21,21-Mar,1.11,2,0.89,80.18
AGL,26-May-21,21-Mar,-0.04,-0.04,0,0
AGNC,26-Apr-21,21-Mar,0.64,0.76,0.12,18.75
AGR,3-May-21,21-Mar,0.78,1.14,0.36,46.15
AI,2-Jun-21,21-Apr,-0.29,-0.24,0.05,17.24
AIG,6-May-21,21-Mar,0.99,1.05,0.06,6.06
AIZ,4-May-21,21-Mar,1.96,2.47,0.51,26.02
AJG,29-Apr-21,21-Mar,1.83,2.02,0.19,10.38
AKAM,4-May-21,21-Mar,1.3,1.38,0.08,6.15
AL,6-May-21,21-Mar,1.01,0.7,-0.31,-30.69
ALB,5-May-21,21-Mar,0.79,1.1,0.31,39.24
ALGN,28-Apr-21,21-Mar,1.99,2.49,0.5,25.13
ALK,22-Apr-21,21-Mar,-3.71,-3.51,0.2,5.39
ALL,5-May-21,21-Mar,3.85,6.11,2.26,58.7
ALLE,22-Apr-21,21-Mar,1.02,1.2,0.18,17.65
ALLY,16-Apr-21,21-Mar,1.18,2.09,0.91,77.12
ALNY,29-Apr-21,21-Mar,-1.75,-1.71,0.04,2.29
ALSN,28-Apr-21,21-Mar,0.9,1.07,0.17,18.89
AM,28-Apr-21,21-Mar,0.22,0.21,-0.01,-4.55
AMAT,20-May-21,21-Apr,1.51,1.63,0.12,7.95
AMD,27-Apr-21,21-Mar,0.44,0.52,0.08,18.18
AME,4-May-21,21-Mar,1.02,1.07,0.05,4.9
AMED,28-Apr-21,21-Mar,1.43,1.54,0.11,7.69
AMG,3-May-21,21-Mar,4.26,4.28,0.02,0.47
AMGN,27-Apr-21,21-Mar,4,3.7,-0.3,-7.5
AMH,6-May-21,21-Mar,0.31,0.09,-0.22,-70.97
AMP,26-Apr-21,21-Mar,4.73,5.43,0.7,14.8
AMT,29-Apr-21,21-Mar,2.32,1.45,-0.87,-37.5
AMZN,29-Apr-21,21-Mar,9.75,15.79,6.04,61.95
AN,20-Apr-21,21-Mar,1.8,2.79,0.99,55
ANET,4-May-21,21-Mar,2.38,2.5,0.12,5.04
ANSS,5-May-21,21-Mar,0.85,1.12,0.27,31.76
ANTM,21-Apr-21,21-Mar,6.86,7.01,0.15,2.19
AON,30-Apr-21,21-Mar,4.04,4.28,0.24,5.94
AOS,29-Apr-21,21-Mar,0.56,0.6,0.04,7.14
APA,5-May-21,21-Mar,0.74,0.91,0.17,22.97
APD,10-May-21,21-Mar,2.13,2.08,-0.05,-2.35
APH,28-Apr-21,21-Mar,0.47,0.52,0.05,10.64
APO,4-May-21,21-Mar,0.59,0.66,0.07,11.86
APTV,6-May-21,21-Mar,0.77,1.06,0.29,37.66
ARE,26-Apr-21,21-Mar,1.85,0.04,-1.81,-97.84
ARES,29-Apr-21,21-Mar,0.51,0.46,-0.05,-9.8
ARMK,11-May-21,21-Mar,-0.35,-0.24,0.11,31.43
ARW,6-May-21,21-Mar,2.27,2.84,0.57,25.11
ASH,28-Apr-21,21-Mar,1.36,1.05,-0.31,-22.79
ATH,7-May-21,21-Mar,2.15,3.8,1.65,76.74
ATO,5-May-21,21-Mar,2.05,2.3,0.25,12.2
ATR,29-Apr-21,21-Mar,0.9,1.09,0.19,21.11
ATUS,28-Apr-21,21-Mar,0.29,0.58,0.29,100
ATVI,4-May-21,21-Mar,0.69,0.84,0.15,21.74
AVB,28-Apr-21,21-Mar,1.94,1.02,-0.92,-47.42
AVGO,3-Jun-21,21-Apr,6.44,6.62,0.18,2.8
AVLR,6-May-21,21-Mar,-0.11,-0.08,0.03,27.27
AVT,28-Apr-21,21-Mar,0.56,0.74,0.18,32.14
AVTR,28-Apr-21,21-Mar,0.28,0.35,0.07,25
AVY,28-Apr-21,21-Mar,2.01,2.4,0.39,19.4
AWI,27-Apr-21,21-Mar,0.96,0.84,-0.12,-12.5
AWK,3-May-21,21-Mar,0.73,0.73,0,0
AXON,6-May-21,21-Mar,0.21,0.31,0.1,47.62
AXP,23-Apr-21,21-Mar,1.68,1.74,0.06,3.57
AXS,28-Apr-21,21-Mar,0.65,0.97,0.32,49.23
AXTA,26-Apr-21,21-Mar,0.42,0.5,0.08,19.05
AYI,31-Mar-21,21-Feb,1.69,2.12,0.43,25.44
AYX,4-May-21,21-Mar,-0.23,-0.08,0.15,65.22
AZO,2-Mar-21,21-Feb,13.07,14.93,1.86,14.23
AZPN,28-Apr-21,21-Mar,1.16,1.05,-0.11,-9.48
BA,28-Apr-21,21-Mar,-1.17,-1.53,-0.36,-30.77
BAC,15-Apr-21,21-Mar,0.65,0.86,0.21,32.31
BAH,21-May-21,21-Mar,0.82,0.89,0.07,8.54
BAX,29-Apr-21,21-Mar,0.64,0.76,0.12,18.75
BBY,27-May-21,21-Apr,1.45,2.23,0.78,53.79
BC,29-Apr-21,21-Mar,1.45,2.24,0.79,54.48
BDX,6-May-21,21-Mar,3.04,3.19,0.15,4.93
BEN,4-May-21,21-Mar,0.74,0.79,0.05,6.76
BERY,4-May-21,21-Mar,1.31,1.59,0.28,21.37
BFAM,5-May-21,21-Mar,0.1,0.23,0.13,130
BG,4-May-21,21-Mar,1.55,3.13,1.58,101.94
BHF,10-May-21,21-Mar,2.42,4.86,2.44,100.83
BIIB,22-Apr-21,21-Mar,5.06,5.34,0.28,5.53
BILL,6-May-21,21-Mar,-0.08,-0.02,0.06,75
BIO,29-Apr-21,21-Mar,2.5,5.21,2.71,108.4
BK,16-Apr-21,21-Mar,0.87,0.97,0.1,11.49
BKI,6-May-21,21-Mar,0.51,0.56,0.05,9.8
BKNG,5-May-21,21-Mar,-7.26,-5.26,2,27.55
BKR,21-Apr-21,21-Mar,0.11,0.12,0.01,9.09
BLD,6-May-21,21-Mar,1.93,2.02,0.09,4.66
BLDR,6-May-21,21-Mar,0.81,1.1,0.29,35.8
BLK,15-Apr-21,21-Mar,7.64,7.77,0.13,1.7
BLL,6-May-21,21-Mar,0.67,0.72,0.05,7.46
BMRN,29-Apr-21,21-Mar,0.32,0.56,0.24,75
BMY,29-Apr-21,21-Mar,1.8,1.74,-0.06,-3.33
BOH,26-Apr-21,21-Mar,1.18,1.5,0.32,27.12
BOKF,21-Apr-21,21-Mar,1.92,2.1,0.18,9.38
BPOP,28-Apr-21,21-Mar,1.91,3.12,1.21,63.35
BR,4-May-21,21-Mar,1.67,1.76,0.09,5.39
BRKR,5-May-21,21-Mar,0.32,0.44,0.12,37.5
BRKS,10-May-21,21-Mar,0.51,0.69,0.18,35.29
BRO,26-Apr-21,21-Mar,0.56,0.7,0.14,25
BRX,3-May-21,21-Mar,0.4,0.18,-0.22,-55
BSX,28-Apr-21,21-Mar,0.3,0.37,0.07,23.33
BURL,27-May-21,21-Apr,0.92,2.59,1.67,181.52
BWA,5-May-21,21-Mar,0.92,1.21,0.29,31.52
BWXT,3-May-21,21-Mar,0.71,0.73,0.02,2.82
BX,22-Apr-21,21-Mar,0.72,0.96,0.24,33.33
BXP,27-Apr-21,21-Mar,1.55,0.59,-0.96,-61.94
BYD,27-Apr-21,21-Mar,0.44,0.93,0.49,111.36
BYND,6-May-21,21-Mar,-0.27,-0.42,-0.15,-55.56
C,15-Apr-21,21-Mar,2.56,3.62,1.06,41.41
CABO,6-May-21,21-Mar,10.22,11.19,0.97,9.49
CACC,29-Apr-21,21-Mar,8.44,11.82,3.38,40.05
CACI,21-Apr-21,21-Mar,3.69,5.28,1.59,43.09
CAG,8-Apr-21,21-Feb,0.58,0.59,0.01,1.72
CAH,6-May-21,21-Mar,1.58,1.53,-0.05,-3.16
CARR,29-Apr-21,21-Mar,0.38,0.48,0.1,26.32
CASY,8-Jun-21,21-Apr,0.67,1.12,0.45,67.16
CAT,29-Apr-21,21-Mar,1.93,2.87,0.94,48.7
CB,27-Apr-21,21-Mar,2.45,2.52,0.07,2.86
CBOE,30-Apr-21,21-Mar,1.39,1.53,0.14,10.07
CBRE,29-Apr-21,21-Mar,0.7,0.86,0.16,22.86
CBSH,15-Apr-21,21-Mar,0.96,1.11,0.15,15.63
CC,3-May-21,21-Mar,0.68,0.71,0.03,4.41
CCI,21-Apr-21,21-Mar,1.61,0.28,-1.33,-82.61
CCK,19-Apr-21,21-Mar,1.39,1.83,0.44,31.65
CCL,7-Apr-21,21-Feb,-1.66,-1.79,-0.13,-7.83
CDAY,5-May-21,21-Mar,0.09,0.09,0,0
CDK,6-May-21,21-Mar,0.68,0.69,0.01,1.47
CDNS,26-Apr-21,21-Mar,0.74,0.83,0.09,12.16
CDW,5-May-21,21-Mar,1.54,1.74,0.2,12.99
CE,22-Apr-21,21-Mar,3.01,3.46,0.45,14.95
CERN,5-May-21,21-Mar,0.74,0.76,0.02,2.7
CF,5-May-21,21-Mar,0.57,0.7,0.13,22.81
CFG,16-Apr-21,21-Mar,0.97,1.41,0.44,45.36
CFR,29-Apr-21,21-Mar,1.42,1.77,0.35,24.65
CFX,29-Apr-21,21-Mar,0.39,0.44,0.05,12.82
CG,29-Apr-21,21-Mar,0.54,0.58,0.04,7.41
CGNX,6-May-21,21-Mar,0.35,0.39,0.04,11.43
CHD,29-Apr-21,21-Mar,0.8,0.83,0.03,3.75
CHDN,21-Apr-21,21-Mar,0.56,0.87,0.31,55.36
CHE,27-Apr-21,21-Mar,4.2,4.44,0.24,5.71
CHGG,3-May-21,21-Mar,0.31,0.28,-0.03,-9.68
CHH,10-May-21,21-Mar,0.63,0.57,-0.06,-9.52
CHNG,26-May-21,21-Mar,0.37,0.42,0.05,13.51
CHRW,27-Apr-21,21-Mar,0.97,1.28,0.31,31.96
CHTR,30-Apr-21,21-Mar,4.34,4.11,-0.23,-5.3
CI,7-May-21,21-Mar,4.42,4.73,0.31,7.01
CIEN,3-Jun-21,21-Apr,0.48,0.62,0.14,29.17
CINF,28-Apr-21,21-Mar,1.05,1.37,0.32,30.48
CL,30-Apr-21,21-Mar,0.8,0.8,0,0
CLF,22-Apr-21,21-Mar,0.33,0.35,0.02,6.06
CLH,5-May-21,21-Mar,0.26,0.42,0.16,61.54
CLR,28-Apr-21,21-Mar,0.52,0.77,0.25,48.08
CLX,30-Apr-21,21-Mar,1.47,1.62,0.15,10.2
CMA,20-Apr-21,21-Mar,1.38,2.43,1.05,76.09
CMCSA,29-Apr-21,21-Mar,0.59,0.76,0.17,28.81
CME,28-Apr-21,21-Mar,1.75,1.79,0.04,2.29
CMG,21-Apr-21,21-Mar,4.92,5.36,0.44,8.94
CMI,4-May-21,21-Mar,3.46,4.04,0.58,16.76
CMS,29-Apr-21,21-Mar,1.17,1.21,0.04,3.42
CNA,3-May-21,21-Mar,0.95,0.96,0.01,1.05
CNC,27-Apr-21,21-Mar,1.65,1.63,-0.02,-1.21
CNP,6-May-21,21-Mar,0.5,0.59,0.09,18
CNXC,24-Mar-21,21-Feb,2.03,2.29,0.26,12.81
COF,27-Apr-21,21-Mar,4.17,7.03,2.86,68.59
COHR,12-May-21,21-Mar,1.17,1.42,0.25,21.37
COLD,6-May-21,21-Mar,0.31,-0.06,-0.37,-119.35
COLM,29-Apr-21,21-Mar,0.33,0.84,0.51,154.55
COMM,6-May-21,21-Mar,0.31,0.36,0.05,16.13
CONE,28-Apr-21,21-Mar,0.98,0.15,-0.83,-84.69
COO,3-Jun-21,21-Apr,3.12,3.38,0.26,8.33
COP,4-May-21,21-Mar,0.57,0.69,0.12,21.05
COR,29-Apr-21,21-Mar,1.33,0.51,-0.82,-61.65
COST,4-Mar-21,21-Feb,2.42,2.14,-0.28,-11.57
COUP,7-Jun-21,21-Apr,-0.19,0.07,0.26,136.84
CPA,5-May-21,21-Mar,-2.25,-2.23,0.02,0.89
CPB,9-Jun-21,21-Apr,0.66,0.57,-0.09,-13.64
CPRI,26-May-21,21-Mar,-0.01,0.38,0.39,3900
CPRT,19-May-21,21-Apr,0.8,1.09,0.29,36.25
CPT,29-Apr-21,21-Mar,1.23,0.31,-0.92,-74.8
CR,3-May-21,21-Mar,1.31,1.66,0.35,26.72
CRI,30-Apr-21,21-Mar,0.27,1.98,1.71,633.33
CRL,4-May-21,21-Mar,2.19,2.53,0.34,15.53
CRM,27-May-21,21-Apr,0.88,1.21,0.33,37.5
CRUS,29-Apr-21,21-Mar,0.69,0.66,-0.03,-4.35
CRWD,3-Jun-21,21-Apr,0.06,0.1,0.04,66.67
CSCO,19-May-21,21-Apr,0.82,0.83,0.01,1.22
CSGP,27-Apr-21,21-Mar,0.24,0.28,0.04,16.67
CSL,22-Apr-21,21-Mar,0.68,1.47,0.79,116.18
CSX,20-Apr-21,21-Mar,0.32,0.31,-0.01,-3.13
CTAS,17-Mar-21,21-Feb,2.21,2.37,0.16,7.24
CTLT,4-May-21,21-Mar,0.76,0.82,0.06,7.89
CTSH,5-May-21,21-Mar,0.94,0.97,0.03,3.19
CTVA,4-May-21,21-Mar,0.67,0.79,0.12,17.91
CTXS,29-Apr-21,21-Mar,1.42,1.42,0,0
CUBE,29-Apr-21,21-Mar,0.45,0.21,-0.24,-53.33
CUZ,29-Apr-21,21-Mar,0.7,0.2,-0.5,-71.43
CVNA,6-May-21,21-Mar,-0.7,-0.46,0.24,34.29
CVS,4-May-21,21-Mar,1.72,2.04,0.32,18.6
CVX,30-Apr-21,21-Mar,0.92,0.9,-0.02,-2.17
CW,5-May-21,21-Mar,1.3,1.51,0.21,16.15
CZR,4-May-21,21-Mar,-1.69,-2.06,-0.37,-21.89
D,4-May-21,21-Mar,1.08,1.09,0.01,0.93
DAL,15-Apr-21,21-Mar,-3.08,-3.55,-0.47,-15.26
DAR,11-May-21,21-Mar,0.57,0.9,0.33,57.89
DBX,6-May-21,21-Mar,0.3,0.35,0.05,16.67
DCI,2-Jun-21,21-Apr,0.58,0.66,0.08,13.79
DCT,5-Apr-21,21-Feb,-0.03,0.01,0.04,133.33
DD,4-May-21,21-Mar,0.77,0.91,0.14,18.18
DDOG,6-May-21,21-Mar,0.03,0.06,0.03,100
DE,21-May-21,21-Apr,4.44,5.68,1.24,27.93
DECK,20-May-21,21-Mar,0.58,1.18,0.6,103.45
DEI,4-May-21,21-Mar,0.43,0.06,-0.37,-86.05
DELL,27-May-21,21-Apr,1.55,2.13,0.58,37.42
DFS,21-Apr-21,21-Mar,2.88,5.04,2.16,75
DG,27-May-21,21-Apr,2.14,2.82,0.68,31.78
DGX,22-Apr-21,21-Mar,3.77,3.76,-0.01,-0.27
DHI,22-Apr-21,21-Mar,2.2,2.53,0.33,15
DHR,22-Apr-21,21-Mar,1.67,2.52,0.85,50.9
DIS,13-May-21,21-Mar,0.29,0.79,0.5,172.41
DISCA,28-Apr-21,21-Mar,0.61,0.21,-0.4,-65.57
DISCK,28-Apr-21,21-Mar,0.61,0.21,-0.4,-65.57
DISH,29-Apr-21,21-Mar,0.83,0.99,0.16,19.28
DKNG,7-May-21,21-Mar,-0.51,-0.87,-0.36,-70.59
DKS,26-May-21,21-Apr,1.04,3.79,2.75,264.42
DLB,4-May-21,21-Mar,0.67,0.91,0.24,35.82
DLR,29-Apr-21,21-Mar,1.59,1.5,-0.09,-5.66
DLTR,27-May-21,21-Apr,1.4,1.6,0.2,14.29
DNB,5-May-21,21-Mar,0.21,0.23,0.02,9.52
DOCU,3-Jun-21,21-Apr,0.27,0.44,0.17,62.96
DOV,20-Apr-21,21-Mar,1.47,1.81,0.34,23.13
DOW,22-Apr-21,21-Mar,1.1,1.36,0.26,23.64
DOX,12-May-21,21-Mar,1.14,1.13,-0.01,-0.88
DPZ,29-Apr-21,21-Mar,2.94,3,0.06,2.04
DRE,28-Apr-21,21-Mar,0.39,0.21,-0.18,-46.15
DRI,25-Mar-21,21-Feb,0.72,0.98,0.26,36.11
DT,12-May-21,21-Mar,0.14,0.15,0.01,7.14
DTE,27-Apr-21,21-Mar,2.16,2.44,0.28,12.96
DUK,10-May-21,21-Mar,1.24,1.26,0.02,1.61
DV,25-May-21,21-Mar,0.07,0.04,-0.03,-42.86
DVA,29-Apr-21,21-Mar,1.8,2.09,0.29,16.11
DVN,4-May-21,21-Mar,0.35,0.45,0.1,28.57
DXC,26-May-21,21-Mar,0.7,0.74,0.04,5.71
DXCM,29-Apr-21,21-Mar,0.31,0.33,0.02,6.45
EA,11-May-21,21-Mar,1.04,1.03,-0.01,-0.96
EBAY,28-Apr-21,21-Mar,1.07,1.09,0.02,1.87
ECL,27-Apr-21,21-Mar,0.82,0.81,-0.01,-1.22
ED,6-May-21,21-Mar,1.36,1.43,0.07,5.15
EEFT,28-Apr-21,21-Mar,0.35,0.23,-0.12,-34.29
EFX,21-Apr-21,21-Mar,1.52,1.97,0.45,29.61
EHC,27-Apr-21,21-Mar,0.8,1.05,0.25,31.25
EIX,27-Apr-21,21-Mar,0.76,0.79,0.03,3.95
EL,3-May-21,21-Mar,1.29,1.62,0.33,25.58
ELAN,7-May-21,21-Mar,0.23,0.37,0.14,60.87
ELS,19-Apr-21,21-Mar,0.6,0.36,-0.24,-40
EMN,29-Apr-21,21-Mar,2.03,2.13,0.1,4.93
EMR,5-May-21,21-Mar,0.9,0.97,0.07,7.78
ENPH,27-Apr-21,21-Mar,0.41,0.56,0.15,36.59
ENTG,27-Apr-21,21-Mar,0.72,0.7,-0.02,-2.78
EOG,6-May-21,21-Mar,1.44,1.62,0.18,12.5
EPAM,6-May-21,21-Mar,1.68,1.81,0.13,7.74
EPR,5-May-21,21-Mar,0.44,-0.04,-0.48,-109.09
EQH,5-May-21,21-Mar,1.23,1.13,-0.1,-8.13
EQIX,28-Apr-21,21-Mar,6.63,4.07,-2.56,-38.61
EQR,27-Apr-21,21-Mar,0.68,0.15,-0.53,-77.94
EQT,5-May-21,21-Mar,0.27,0.3,0.03,11.11
ERIE,29-Apr-21,21-Mar,1.41,1.41,0,0
ES,10-May-21,21-Mar,1.1,1.15,0.05,4.55
ESI,28-Apr-21,21-Mar,0.32,0.37,0.05,15.63
ESS,27-Apr-21,21-Mar,3.04,2.43,-0.61,-20.07
ESTC,2-Jun-21,21-Apr,-0.16,-0.08,0.08,50
ETN,4-May-21,21-Mar,1.25,1.44,0.19,15.2
ETR,28-Apr-21,21-Mar,1.19,1.47,0.28,23.53
ETSY,5-May-21,21-Mar,0.84,1,0.16,19.05
EVBG,10-May-21,21-Mar,-0.11,0.18,0.29,263.64
EVR,28-Apr-21,21-Mar,2.63,3.29,0.66,25.1
EVRG,6-May-21,21-Mar,0.47,0.55,0.08,17.02
EW,20-Apr-21,21-Mar,0.47,0.54,0.07,14.89
EWBC,22-Apr-21,21-Mar,1.23,1.44,0.21,17.07
EXAS,4-May-21,21-Mar,-1.04,-0.18,0.86,82.69
EXC,5-May-21,21-Mar,0.34,-0.06,-0.4,-117.65
EXP,19-May-21,21-Mar,1.31,1.56,0.25,19.08
EXPD,4-May-21,21-Mar,1,1.67,0.67,67
EXPE,6-May-21,21-Mar,-2.52,-2.02,0.5,19.84
EXR,28-Apr-21,21-Mar,1.49,1.53,0.04,2.68
F,28-Apr-21,21-Mar,0.16,0.89,0.73,456.25
FAF,22-Apr-21,21-Mar,1.29,1.64,0.35,27.13
FANG,3-May-21,21-Mar,1.73,2.3,0.57,32.95
FAST,13-Apr-21,21-Mar,0.37,0.37,0,0
FB,28-Apr-21,21-Mar,2.36,3.3,0.94,39.83
FBHS,29-Apr-21,21-Mar,1.04,1.36,0.32,30.77
FCN,29-Apr-21,21-Mar,1.18,1.89,0.71,60.17
FCX,22-Apr-21,21-Mar,0.51,0.51,0,0
FDS,30-Mar-21,21-Feb,2.74,2.72,-0.02,-0.73
FDX,18-Mar-21,21-Feb,3.21,3.47,0.26,8.1
FE,22-Apr-21,21-Mar,0.68,0.69,0.01,1.47
FFIV,27-Apr-21,21-Mar,2.39,2.5,0.11,4.6
FHB,23-Apr-21,21-Mar,0.46,0.44,-0.02,-4.35
FHN,21-Apr-21,21-Mar,0.37,0.51,0.14,37.84
FICO,5-May-21,21-Mar,2.76,3.06,0.3,10.87
FIS,6-May-21,21-Mar,1.25,1.3,0.05,4
FISV,27-Apr-21,21-Mar,1.13,1.17,0.04,3.54
FITB,20-Apr-21,21-Mar,0.69,0.93,0.24,34.78
FIVE,3-Jun-21,21-Apr,0.66,0.88,0.22,33.33
FIVN,29-Apr-21,21-Mar,0.13,0.23,0.1,76.92
FL,21-May-21,21-Apr,1.14,1.96,0.82,71.93
FLO,20-May-21,21-Mar,0.37,0.41,0.04,10.81
FLS,3-May-21,21-Mar,0.2,0.28,0.08,40
FLT,5-May-21,21-Mar,2.7,2.82,0.12,4.44
FMC,5-May-21,21-Mar,1.52,1.53,0.01,0.66
FNB,19-Apr-21,21-Mar,0.26,0.28,0.02,7.69
FND,6-May-21,21-Mar,0.53,0.68,0.15,28.3
FNF,6-May-21,21-Mar,1.28,1.56,0.28,21.88
FOXA,5-May-21,21-Mar,0.58,0.88,0.3,51.72
FR,21-Apr-21,21-Mar,0.46,0.48,0.02,4.35
FRC,14-Apr-21,21-Mar,1.54,1.79,0.25,16.23
FRPT,3-May-21,21-Mar,-0.02,-0.26,-0.24,-1200
FRT,5-May-21,21-Mar,1.02,0.6,-0.42,-41.18
FSLR,29-Apr-21,21-Mar,1,1.96,0.96,96
FSLY,5-May-21,21-Mar,-0.11,-0.12,-0.01,-9.09
FTDR,6-May-21,21-Mar,0.09,0.1,0.01,11.11
FTNT,29-Apr-21,21-Mar,0.74,0.81,0.07,9.46
FTV,29-Apr-21,21-Mar,0.6,0.63,0.03,5
FWONK,7-May-21,21-Mar,-0.34,-0.2,0.14,41.18
G,10-May-21,21-Mar,0.49,0.59,0.1,20.41
GD,28-Apr-21,21-Mar,2.31,2.48,0.17,7.36
GDDY,5-May-21,21-Mar,0.31,0.06,-0.25,-80.65
GE,27-Apr-21,21-Mar,0.16,0.24,0.08,50
GGG,21-Apr-21,21-Mar,0.5,0.58,0.08,16
GH,6-May-21,21-Mar,-0.82,-0.49,0.33,40.24
GILD,29-Apr-21,21-Mar,2.06,2.08,0.02,0.97
GIS,24-Mar-21,21-Feb,0.84,0.82,-0.02,-2.38
GLOB,13-May-21,21-Mar,0.81,0.83,0.02,2.47
GLPI,29-Apr-21,21-Mar,0.83,0.54,-0.29,-34.94
GLW,27-Apr-21,21-Mar,0.42,0.45,0.03,7.14
GM,5-May-21,21-Mar,1.02,2.25,1.23,120.59
GME,9-Jun-21,21-Apr,-0.67,-0.45,0.22,32.84
GMED,4-May-21,21-Mar,0.36,0.49,0.13,36.11
GNRC,29-Apr-21,21-Mar,1.9,2.38,0.48,25.26
GNTX,23-Apr-21,21-Mar,0.49,0.46,-0.03,-6.12
GO,11-May-21,21-Mar,0.22,0.23,0.01,4.55
GOOG,27-Apr-21,21-Mar,15.66,26.29,10.63,67.88
GOOGL,27-Apr-21,21-Mar,15.66,26.29,10.63,67.88
GPC,22-Apr-21,21-Mar,1.21,1.5,0.29,23.97
GPK,27-Apr-21,21-Mar,0.25,0.23,-0.02,-8
GPN,4-May-21,21-Mar,1.77,1.82,0.05,2.82
GPS,27-May-21,21-Apr,-0.02,0.48,0.5,2500
GRMN,28-Apr-21,21-Mar,0.88,1.18,0.3,34.09
GS,14-Apr-21,21-Mar,9.79,18.6,8.81,89.99
GTES,10-May-21,21-Mar,0.32,0.33,0.01,3.13
GWRE,2-Jun-21,21-Apr,-0.24,-0.16,0.08,33.33
GWW,30-Apr-21,21-Mar,4.31,4.48,0.17,3.94
H,4-May-21,21-Mar,-1.33,-3.57,-2.24,-168.42
HAIN,6-May-21,21-Mar,0.38,0.44,0.06,15.79
HAL,21-Apr-21,21-Mar,0.17,0.19,0.02,11.76
HAS,27-Apr-21,21-Mar,0.64,1,0.36,56.25
HBAN,22-Apr-21,21-Mar,0.33,0.48,0.15,45.45
HBI,11-May-21,21-Mar,0.26,0.39,0.13,50
HCA,22-Apr-21,21-Mar,3.35,4.14,0.79,23.58
HD,18-May-21,21-Apr,3.04,3.86,0.82,26.97
HEI,25-May-21,21-Apr,0.49,0.51,0.02,4.08
HES,28-Apr-21,21-Mar,0.44,0.82,0.38,86.36
HFC,5-May-21,21-Mar,-0.45,-0.53,-0.08,-17.78
HHC,10-May-21,21-Mar,-0.57,-0.55,0.02,3.51
HIG,22-Apr-21,21-Mar,0.75,0.56,-0.19,-25.33
HII,6-May-21,21-Mar,2.52,3.68,1.16,46.03
HIW,27-Apr-21,21-Mar,0.87,0.52,-0.35,-40.23
HLF,4-May-21,21-Mar,1.06,1.42,0.36,33.96
HLT,5-May-21,21-Mar,0.05,0.02,-0.03,-60
HOG,19-Apr-21,21-Mar,0.79,1.68,0.89,112.66
HOLX,28-Apr-21,21-Mar,2.62,2.59,-0.03,-1.15
HON,23-Apr-21,21-Mar,1.8,1.92,0.12,6.67
HPE,1-Jun-21,21-Apr,0.42,0.46,0.04,9.52
HPP,5-May-21,21-Mar,0.45,0.03,-0.42,-93.33
HPQ,27-May-21,21-Apr,0.89,0.93,0.04,4.49
HRB,15-Jun-21,21-Apr,5.11,5.16,0.05,0.98
HRC,30-Apr-21,21-Mar,1.43,1.73,0.3,20.98
HRL,20-May-21,21-Apr,0.42,0.42,0,0
HSIC,4-May-21,21-Mar,0.83,1.24,0.41,49.4
HST,4-May-21,21-Mar,-0.15,-0.22,-0.07,-46.67
HSY,29-Apr-21,21-Mar,1.81,1.92,0.11,6.08
HTA,6-May-21,21-Mar,0.43,0.1,-0.33,-76.74
HUBB,27-Apr-21,21-Mar,1.67,1.72,0.05,2.99
HUBS,5-May-21,21-Mar,0.29,0.31,0.02,6.9
HUM,28-Apr-21,21-Mar,7.21,7.67,0.46,6.38
HUN,30-Apr-21,21-Mar,0.59,0.66,0.07,11.86
HXL,19-Apr-21,21-Mar,-0.16,-0.1,0.06,37.5
HZNP,5-May-21,21-Mar,0.07,0.03,-0.04,-57.14
IAA,4-May-21,21-Mar,0.46,0.58,0.12,26.09
IAC,6-May-21,21-Mar,-0.62,0.4,1.02,164.52
IART,28-Apr-21,21-Mar,0.56,0.69,0.13,23.21
IBKR,20-Apr-21,21-Mar,0.9,0.98,0.08,8.89
IBM,19-Apr-21,21-Mar,1.67,1.77,0.1,5.99
ICE,29-Apr-21,21-Mar,1.3,1.34,0.04,3.08
ICUI,6-May-21,21-Mar,1.53,1.62,0.09,5.88
IDA,29-Apr-21,21-Mar,0.83,0.89,0.06,7.23
IDXX,4-May-21,21-Mar,1.72,2.35,0.63,36.63
IEX,27-Apr-21,21-Mar,1.41,1.51,0.1,7.09
IFF,10-May-21,21-Mar,1.51,1.6,0.09,5.96
ILMN,27-Apr-21,21-Mar,1.36,1.89,0.53,38.97
INCY,4-May-21,21-Mar,0.65,0.67,0.02,3.08
INFO,23-Mar-21,21-Feb,0.7,0.71,0.01,1.43
INTC,22-Apr-21,21-Mar,1.15,1.39,0.24,20.87
INTU,25-May-21,21-Apr,6.04,6.07,0.03,0.5
INVH,28-Apr-21,21-Mar,0.34,0.1,-0.24,-70.59
IONS,5-May-21,21-Mar,-0.48,-0.64,-0.16,-33.33
IOVA,6-May-21,21-Mar,-0.48,-0.51,-0.03,-6.25
IP,29-Apr-21,21-Mar,0.59,0.76,0.17,28.81
IPG,28-Apr-21,21-Mar,0.16,0.45,0.29,181.25
IPGP,4-May-21,21-Mar,1.07,1.17,0.1,9.35
IQV,22-Apr-21,21-Mar,1.85,2.18,0.33,17.84
IR,28-Apr-21,21-Mar,0.36,0.45,0.09,25
IRM,6-May-21,21-Mar,0.64,0.32,-0.32,-50
ISRG,20-Apr-21,21-Mar,0.87,1.17,0.3,34.48
IT,4-May-21,21-Mar,1.05,2,0.95,90.48
ITT,7-May-21,21-Mar,0.87,1.06,0.19,21.84
ITW,30-Apr-21,21-Mar,1.9,2.11,0.21,11.05
IVZ,27-Apr-21,21-Mar,0.62,0.68,0.06,9.68
JAZZ,4-May-21,21-Mar,3.69,3.92,0.23,6.23
JBGS,4-May-21,21-Mar,0.31,-0.16,-0.47,-151.61
JBHT,15-Apr-21,21-Mar,1.18,1.37,0.19,16.1
JBL,16-Mar-21,21-Feb,0.95,1.27,0.32,33.68
JBLU,27-Apr-21,21-Mar,-1.68,-1.48,0.2,11.9
JCI,30-Apr-21,21-Mar,0.49,0.52,0.03,6.12
JEF,24-Mar-21,21-Feb,1.08,2.14,1.06,98.15
JHG,29-Apr-21,21-Mar,0.83,0.91,0.08,9.64
JKHY,3-May-21,21-Mar,0.86,0.95,0.09,10.47
JLL,5-May-21,21-Mar,0.6,2.1,1.5,250
JNJ,20-Apr-21,21-Mar,2.31,2.59,0.28,12.12
JNPR,27-Apr-21,21-Mar,0.25,0.3,0.05,20
JPM,14-Apr-21,21-Mar,3.05,4.5,1.45,47.54
JWN,25-May-21,21-Apr,-0.53,-0.64,-0.11,-20.75
K,6-May-21,21-Mar,0.95,1.11,0.16,16.84
KDP,29-Apr-21,21-Mar,0.31,0.33,0.02,6.45
KEX,29-Apr-21,21-Mar,0.11,-0.06,-0.17,-154.55
KEY,20-Apr-21,21-Mar,0.49,0.61,0.12,24.49
KEYS,19-May-21,21-Apr,1.34,1.44,0.1,7.46
KHC,29-Apr-21,21-Mar,0.6,0.72,0.12,20
KIM,29-Apr-21,21-Mar,0.3,0.3,0,0
KKR,4-May-21,21-Mar,0.62,0.75,0.13,20.97
KLAC,29-Apr-21,21-Mar,3.59,3.85,0.26,7.24
KMB,23-Apr-21,21-Mar,1.9,1.8,-0.1,-5.26
KMI,21-Apr-21,21-Mar,0.23,0.6,0.37,160.87
KMPR,29-Apr-21,21-Mar,1.23,1.31,0.08,6.5
KMX,1-Apr-21,21-Feb,1.24,1.27,0.03,2.42
KNX,21-Apr-21,21-Mar,0.7,0.83,0.13,18.57
KO,19-Apr-21,21-Mar,0.5,0.55,0.05,10
KR,17-Jun-21,21-Apr,0.99,1.19,0.2,20.2
KRC,28-Apr-21,21-Mar,0.99,4.26,3.27,330.3
KSU,16-Apr-21,21-Mar,2,1.91,-0.09,-4.5
LAD,21-Apr-21,21-Mar,4.73,5.89,1.16,24.52
LAMR,4-May-21,21-Mar,1.17,0.38,-0.79,-67.52
LAZ,30-Apr-21,21-Mar,0.85,0.87,0.02,2.35
LBRDK,7-May-21,21-Mar,1.37,0.83,-0.54,-39.42
LDOS,4-May-21,21-Mar,1.49,1.73,0.24,16.11
LEA,7-May-21,21-Mar,2.94,3.73,0.79,26.87
LECO,27-Apr-21,21-Mar,1.18,1.37,0.19,16.1
LEG,3-May-21,21-Mar,0.41,0.64,0.23,56.1
LEN,16-Mar-21,21-Feb,1.65,2.04,0.39,23.64
LFUS,28-Apr-21,21-Mar,1.92,2.67,0.75,39.06
LH,29-Apr-21,21-Mar,7.32,8.79,1.47,20.08
LII,26-Apr-21,21-Mar,1.29,2.27,0.98,75.97
LITE,12-May-21,21-Mar,1.42,1.4,-0.02,-1.41
LKQ,29-Apr-21,21-Mar,0.63,0.94,0.31,49.21
LLY,27-Apr-21,21-Mar,2.12,1.87,-0.25,-11.79
LMT,20-Apr-21,21-Mar,6.32,6.56,0.24,3.8
LNC,5-May-21,21-Mar,1.48,1.82,0.34,22.97
LNG,4-May-21,21-Mar,0.75,1.54,0.79,105.33
LNT,6-May-21,21-Mar,0.67,0.68,0.01,1.49
LOPE,5-May-21,21-Mar,1.67,1.72,0.05,2.99
LOW,19-May-21,21-Apr,2.58,3.21,0.63,24.42
LPLA,29-Apr-21,21-Mar,1.48,1.77,0.29,19.59
LPX,4-May-21,21-Mar,2.76,3.01,0.25,9.06
LRCX,21-Apr-21,21-Mar,6.56,7.49,0.93,14.18
LSI,4-May-21,21-Mar,1.01,0.63,-0.38,-37.62
LSTR,21-Apr-21,21-Mar,1.61,2.01,0.4,24.84
LSXMK,7-May-21,21-Mar,0.27,-0.03,-0.3,-111.11
LULU,3-Jun-21,21-Apr,0.91,1.16,0.25,27.47
LUV,22-Apr-21,21-Mar,-1.82,-1.72,0.1,5.49
LVS,21-Apr-21,21-Mar,-0.27,-0.25,0.02,7.41
LW,7-Apr-21,21-Feb,0.51,0.45,-0.06,-11.76
LYB,30-Apr-21,21-Mar,2.65,3.18,0.53,20
LYFT,4-May-21,21-Mar,-0.54,-0.36,0.18,33.33
LYV,6-May-21,21-Mar,-1.66,-1.44,0.22,13.25
MA,29-Apr-21,21-Mar,1.55,1.74,0.19,12.26
MAA,28-Apr-21,21-Mar,1.61,0.4,-1.21,-75.16
MAN,20-Apr-21,21-Mar,0.66,1.11,0.45,68.18
MANH,27-Apr-21,21-Mar,0.32,0.43,0.11,34.38
MAR,10-May-21,21-Mar,0.03,0.1,0.07,233.33
MAS,28-Apr-21,21-Mar,0.66,0.89,0.23,34.85
MASI,26-Apr-21,21-Mar,0.88,0.9,0.02,2.27
MAT,22-Apr-21,21-Mar,-0.34,-0.1,0.24,70.59
MCD,29-Apr-21,21-Mar,1.81,1.92,0.11,6.08
MCHP,6-May-21,21-Mar,0.87,0.93,0.06,6.9
MCK,6-May-21,21-Mar,5.02,5.05,0.03,0.6
MCO,28-Apr-21,21-Mar,2.8,4.06,1.26,45
MCY,4-May-21,21-Mar,1.25,1.34,0.09,7.2
MDB,3-Jun-21,21-Apr,-0.36,-0.15,0.21,58.33
MDLZ,27-Apr-21,21-Mar,0.69,0.77,0.08,11.59
MDT,27-May-21,21-Apr,1.42,1.5,0.08,5.63
MDU,5-May-21,21-Mar,0.2,0.26,0.06,30
MET,5-May-21,21-Mar,1.48,2.2,0.72,48.65
MGM,28-Apr-21,21-Mar,-0.86,-0.68,0.18,20.93
MHK,29-Apr-21,21-Mar,2.8,3.49,0.69,24.64
MIDD,6-May-21,21-Mar,1.63,1.79,0.16,9.82
MKC,30-Mar-21,21-Feb,0.57,0.72,0.15,26.32
MKL,28-Apr-21,21-Mar,11.37,10.12,-1.25,-10.99
MKSI,26-Apr-21,21-Mar,2.17,2.56,0.39,17.97
MKTX,22-Apr-21,21-Mar,2.12,2.11,-0.01,-0.47
MLM,4-May-21,21-Mar,0.5,1.04,0.54,108
MMC,27-Apr-21,21-Mar,1.7,1.99,0.29,17.06
MMM,27-Apr-21,21-Mar,2.25,2.77,0.52,23.11
MNST,6-May-21,21-Mar,0.61,0.59,-0.02,-3.28
MO,29-Apr-21,21-Mar,1.04,1.07,0.03,2.88
MOH,28-Apr-21,21-Mar,3.78,4.44,0.66,17.46
MOS,3-May-21,21-Mar,0.5,0.57,0.07,14
MPC,4-May-21,21-Mar,-0.72,-0.2,0.52,72.22
MPW,29-Apr-21,21-Mar,0.42,0.27,-0.15,-35.71
MPWR,4-May-21,21-Mar,1.33,1.46,0.13,9.77
MRCY,4-May-21,21-Mar,0.63,0.64,0.01,1.59
MRK,29-Apr-21,21-Mar,1.63,1.4,-0.23,-14.11
MRNA,6-May-21,21-Mar,2.04,2.84,0.8,39.22
MRO,5-May-21,21-Mar,0.13,0.21,0.08,61.54
MRTX,6-May-21,21-Mar,-2.13,-2.67,-0.54,-25.35
MRVL,7-Jun-21,21-Apr,0.27,0.29,0.02,7.41
MS,16-Apr-21,21-Mar,1.72,2.22,0.5,29.07
MSA,28-Apr-21,21-Mar,0.94,0.95,0.01,1.06
MSCI,27-Apr-21,21-Mar,2.29,2.46,0.17,7.42
MSFT,27-Apr-21,21-Mar,1.76,1.95,0.19,10.8
MSI,6-May-21,21-Mar,1.62,1.87,0.25,15.43
MSM,7-Apr-21,21-Feb,1.01,1.03,0.02,1.98
MTB,19-Apr-21,21-Mar,2.96,3.41,0.45,15.2
MTCH,4-May-21,21-Mar,0.46,0.67,0.21,45.65
MTD,6-May-21,21-Mar,5.65,6.56,0.91,16.11
MTG,5-May-21,21-Mar,0.42,0.42,0,0
MTN,7-Jun-21,21-Apr,6.67,6.72,0.05,0.75
MTZ,6-May-21,21-Mar,0.77,1.1,0.33,42.86
MU,31-Mar-21,21-Feb,0.95,0.98,0.03,3.16
NATI,29-Apr-21,21-Mar,0.31,0.32,0.01,3.23
NBIX,5-May-21,21-Mar,0.47,0.33,-0.14,-29.79
NCLH,6-May-21,21-Mar,-2.06,-2.03,0.03,1.46
NCR,27-Apr-21,21-Mar,0.47,0.51,0.04,8.51
NDAQ,21-Apr-21,21-Mar,1.74,1.96,0.22,12.64
NDSN,24-May-21,21-Apr,1.65,2.12,0.47,28.48
NEE,21-Apr-21,21-Mar,0.6,0.67,0.07,11.67
NEM,29-Apr-21,21-Mar,0.75,0.74,-0.01,-1.33
NET,6-May-21,21-Mar,-0.03,-0.03,0,0
NEWR,13-May-21,21-Mar,-0.46,-0.27,0.19,41.3
NFE,7-May-21,21-Mar,0.05,-0.21,-0.26,-520
NFG,6-May-21,21-Mar,1.22,1.34,0.12,9.84
NFLX,20-Apr-21,21-Mar,2.98,3.75,0.77,25.84
NI,5-May-21,21-Mar,0.77,0.77,0,0
NKE,18-Mar-21,21-Feb,0.75,0.9,0.15,20
NKTR,6-May-21,21-Mar,-0.72,-0.68,0.04,5.56
NLSN,6-May-21,21-Mar,0.32,0.47,0.15,46.88
NLY,28-Apr-21,21-Mar,0.26,0.29,0.03,11.54
NNN,4-May-21,21-Mar,0.64,0.3,-0.34,-53.13
NOC,29-Apr-21,21-Mar,5.48,6.57,1.09,19.89
NOV,27-Apr-21,21-Mar,-0.23,-0.28,-0.05,-21.74
NOW,28-Apr-21,21-Mar,1.34,1.52,0.18,13.43
NRG,6-May-21,21-Mar,1.64,0.84,-0.8,-48.78
NRZ,5-May-21,21-Mar,0.34,0.34,0,0
NSC,28-Apr-21,21-Mar,2.55,2.66,0.11,4.31
NTAP,2-Jun-21,21-Apr,1.12,1.17,0.05,4.46
NTNX,26-May-21,21-Apr,-0.47,-0.41,0.06,12.77
NTRA,6-May-21,21-Mar,-1.05,-0.74,0.31,29.52
NTRS,20-Apr-21,21-Mar,1.51,1.7,0.19,12.58
NUAN,10-May-21,21-Mar,0.17,0.2,0.03,17.65
NUE,22-Apr-21,21-Mar,3.14,3.1,-0.04,-1.27
NVAX,10-May-21,21-Mar,-2.65,-3.05,-0.4,-15.09
NVCR,29-Apr-21,21-Mar,0.01,-0.04,-0.05,-500
NVDA,26-May-21,21-Apr,0.82,0.92,0.1,12.2
NVR,21-Apr-21,21-Mar,61.9,63.21,1.31,2.12
NVST,5-May-21,21-Mar,0.31,0.54,0.23,74.19
NVT,29-Apr-21,21-Mar,0.35,0.43,0.08,22.86
NWL,30-Apr-21,21-Mar,0.14,0.3,0.16,114.29
NWSA,6-May-21,21-Mar,0.01,0.09,0.08,800
NXPI,26-Apr-21,21-Mar,2.21,2.31,0.1,4.52
NXST,4-May-21,21-Mar,3.11,4.42,1.31,42.12
NYCB,26-Apr-21,21-Mar,0.27,0.29,0.02,7.41
NYT,5-May-21,21-Mar,0.15,0.26,0.11,73.33
O,3-May-21,21-Mar,0.85,0.26,-0.59,-69.41
OC,28-Apr-21,21-Mar,1.42,1.73,0.31,21.83
ODFL,22-Apr-21,21-Mar,1.58,1.7,0.12,7.59
OGE,6-May-21,21-Mar,0.18,0.26,0.08,44.44
OHI,3-May-21,21-Mar,0.82,0.69,-0.13,-15.85
OKE,27-Apr-21,21-Mar,0.79,0.86,0.07,8.86
OKTA,26-May-21,21-Apr,-0.2,-0.1,0.1,50
OLED,6-May-21,21-Mar,0.67,1.08,0.41,61.19
OLLI,27-May-21,21-Apr,0.66,0.8,0.14,21.21
OLN,27-Apr-21,21-Mar,1.34,1.53,0.19,14.18
OMC,20-Apr-21,21-Mar,1.14,1.33,0.19,16.67
OMF,26-Apr-21,21-Mar,2.12,3.37,1.25,58.96
ON,3-May-21,21-Mar,0.34,0.35,0.01,2.94
OPEN,11-May-21,21-Mar,-0.48,-0.04,0.44,91.67
ORCL,10-Mar-21,21-Feb,1.11,1.16,0.05,4.5
ORI,22-Apr-21,21-Mar,0.45,0.69,0.24,53.33
ORLY,28-Apr-21,21-Mar,5.36,7.06,1.7,31.72
OSH,10-May-21,21-Mar,-0.23,-0.29,-0.06,-26.09
OSK,28-Apr-21,21-Mar,1.15,1.48,0.33,28.7
OTIS,26-Apr-21,21-Mar,0.62,0.72,0.1,16.13
OXY,10-May-21,21-Mar,-0.33,-0.15,0.18,54.55
OZK,22-Apr-21,21-Mar,0.87,1.11,0.24,27.59
PACW,20-Apr-21,21-Mar,0.9,1.27,0.37,41.11
PAG,28-Apr-21,21-Mar,1.81,2.26,0.45,24.86
PANW,20-May-21,21-Apr,1.28,1.38,0.1,7.81
PAYC,4-May-21,21-Mar,1.42,1.47,0.05,3.52
PAYX,6-Apr-21,21-Feb,0.93,0.96,0.03,3.23
PB,28-Apr-21,21-Mar,1.38,1.44,0.06,4.35
PBCT,22-Apr-21,21-Mar,0.34,0.37,0.03,8.82
PCAR,27-Apr-21,21-Mar,1.27,1.35,0.08,6.3
PCG,29-Apr-21,21-Mar,0.28,0.23,-0.05,-17.86
PCTY,6-May-21,21-Mar,0.66,0.88,0.22,33.33
PEAK,4-May-21,21-Mar,0.39,-0.23,-0.62,-158.97
PEG,5-May-21,21-Mar,1.13,1.28,0.15,13.27
PEGA,28-Apr-21,21-Mar,0.02,0.26,0.24,1200
PEN,4-May-21,21-Mar,0.11,0.27,0.16,145.45
PENN,6-May-21,21-Mar,0.3,0.55,0.25,83.33
PEP,15-Apr-21,21-Mar,1.12,1.21,0.09,8.04
PFE,4-May-21,21-Mar,0.79,0.93,0.14,17.72
PFG,27-Apr-21,21-Mar,1.35,1.53,0.18,13.33
PG,20-Apr-21,21-Mar,1.18,1.26,0.08,6.78
PGR,15-Apr-21,21-Mar,1.78,1.72,-0.06,-3.37
PH,29-Apr-21,21-Mar,3.75,4.11,0.36,9.6
PHM,27-Apr-21,21-Mar,1.19,1.28,0.09,7.56
PII,27-Apr-21,21-Mar,1.56,2.3,0.74,47.44
PINC,4-May-21,21-Mar,0.55,0.64,0.09,16.36
PINS,27-Apr-21,21-Mar,0.07,0.11,0.04,57.14
PK,6-May-21,21-Mar,-0.54,-0.81,-0.27,-50
PKG,26-Apr-21,21-Mar,1.47,1.77,0.3,20.41
PKI,4-May-21,21-Mar,3.03,3.72,0.69,22.77
PLAN,27-May-21,21-Apr,-0.09,-0.1,-0.01,-11.11
PLD,19-Apr-21,21-Mar,0.94,0.49,-0.45,-47.87
PLNT,6-May-21,21-Mar,0.17,0.1,-0.07,-41.18
PLUG,22-Jun-21,21-Mar,-0.08,-0.12,-0.04,-50
PM,20-Apr-21,21-Mar,1.4,1.57,0.17,12.14
PNC,16-Apr-21,21-Mar,2.75,4.1,1.35,49.09
PNFP,19-Apr-21,21-Mar,1.38,1.61,0.23,16.67
PNR,22-Apr-21,21-Mar,0.61,0.81,0.2,32.79
PNW,5-May-21,21-Mar,0.25,0.32,0.07,28
POOL,22-Apr-21,21-Mar,1.2,2.42,1.22,101.67
POST,6-May-21,21-Mar,0.55,0.29,-0.26,-47.27
PPC,28-Apr-21,21-Mar,0.27,0.42,0.15,55.56
PPD,27-Apr-21,21-Mar,0.31,0.35,0.04,12.9
PPG,15-Apr-21,21-Mar,1.58,1.88,0.3,18.99
PPL,6-May-21,21-Mar,0.71,0.28,-0.43,-60.56
PRGO,11-May-21,21-Mar,0.56,0.5,-0.06,-10.71
PRI,5-May-21,21-Mar,2.38,2.44,0.06,2.52
PRU,4-May-21,21-Mar,2.68,4.11,1.43,53.36
PSA,28-Apr-21,21-Mar,2.7,2.21,-0.49,-18.15
PSX,30-Apr-21,21-Mar,-1.41,-1.16,0.25,17.73
PTC,28-Apr-21,21-Mar,0.72,1.08,0.36,50
PTON,6-May-21,21-Mar,-0.11,-0.03,0.08,72.73
PVH,2-Jun-21,21-Apr,0.82,1.92,1.1,134.15
PWR,6-May-21,21-Mar,0.74,0.83,0.09,12.16
PXD,4-May-21,21-Mar,1.5,1.77,0.27,18
PYPL,5-May-21,21-Mar,1.01,1.22,0.21,20.79
QCOM,28-Apr-21,21-Mar,1.67,1.9,0.23,13.77
QDEL,6-May-21,21-Mar,4.87,4.38,-0.49,-10.06
QGEN,3-May-21,21-Mar,0.63,0.66,0.03,4.76
QRTEA,7-May-21,21-Mar,0.31,0.48,0.17,54.84
QRVO,5-May-21,21-Mar,2.44,2.74,0.3,12.3
R,28-Apr-21,21-Mar,0.58,1.09,0.51,87.93
RARE,4-May-21,21-Mar,-1.25,-2.03,-0.78,-62.4
RCL,29-Apr-21,21-Mar,-4.54,-4.44,0.1,2.2
RE,28-Apr-21,21-Mar,4.59,6.49,1.9,41.39
REG,6-May-21,21-Mar,0.75,0.47,-0.28,-37.33
REGN,6-May-21,21-Mar,8.79,9.89,1.1,12.51
REXR,21-Apr-21,21-Mar,0.34,0.19,-0.15,-44.12
REYN,5-May-21,21-Mar,0.36,0.36,0,0
RF,23-Apr-21,21-Mar,0.48,0.63,0.15,31.25
RGA,6-May-21,21-Mar,0.07,-1.24,-1.31,-1871.43
RGEN,4-May-21,21-Mar,0.43,0.68,0.25,58.14
RGLD,5-May-21,21-Mar,0.81,0.84,0.03,3.7
RH,9-Jun-21,21-Apr,4.2,4.89,0.69,16.43
RHI,21-Apr-21,21-Mar,0.8,0.98,0.18,22.5
RJF,28-Apr-21,21-Mar,1.39,1.67,0.28,20.14
RKT,5-May-21,21-Mar,0.91,0.89,-0.02,-2.2
RL,20-May-21,21-Mar,-0.73,0.38,1.11,152.05
RMD,29-Apr-21,21-Mar,1.22,1.3,0.08,6.56
RNG,4-May-21,21-Mar,0.25,0.27,0.02,8
RNR,28-Apr-21,21-Mar,0.74,0.09,-0.65,-87.84
ROK,28-Apr-21,21-Mar,2.15,2.41,0.26,12.09
ROKU,6-May-21,21-Mar,-0.12,0.54,0.66,550
ROL,28-Apr-21,21-Mar,0.11,0.14,0.03,27.27
ROP,27-Apr-21,21-Mar,3.32,3.6,0.28,8.43
ROST,20-May-21,21-Apr,0.9,1.34,0.44,48.89
RPM,7-Apr-21,21-Feb,0.34,0.38,0.04,11.76
RPRX,11-May-21,21-Mar,0.65,0.67,0.02,3.08
RS,22-Apr-21,21-Mar,3.69,4.1,0.41,11.11
RSG,5-May-21,21-Mar,0.86,0.93,0.07,8.14
RUN,5-May-21,21-Mar,-0.03,-0.11,-0.08,-266.67
RYN,5-May-21,21-Mar,0.08,0.08,0,0
SABR,4-May-21,21-Mar,-0.51,-0.72,-0.21,-41.18
SAGE,4-May-21,21-Mar,-1.98,-1.64,0.34,17.17
SAIC,3-Jun-21,21-Apr,1.49,1.94,0.45,30.2
SAM,22-Apr-21,21-Mar,2.39,4.58,2.19,91.63
SBAC,26-Apr-21,21-Mar,2.45,-0.11,-2.56,-104.49
SBNY,21-Apr-21,21-Mar,2.83,3.24,0.41,14.49
SBUX,27-Apr-21,21-Mar,0.52,0.62,0.1,19.23
SC,28-Apr-21,21-Mar,1.45,2.42,0.97,66.9
SCCO,28-Apr-21,21-Mar,0.89,0.99,0.1,11.24
SCHW,15-Apr-21,21-Mar,0.82,0.84,0.02,2.44
SCI,3-May-21,21-Mar,0.98,1.32,0.34,34.69
SEE,4-May-21,21-Mar,0.71,0.78,0.07,9.86
SEIC,21-Apr-21,21-Mar,0.9,0.89,-0.01,-1.11
SGEN,29-Apr-21,21-Mar,-0.59,-0.67,-0.08,-13.56
SHW,27-Apr-21,21-Mar,1.65,2.06,0.41,24.85
SIRI,28-Apr-21,21-Mar,0.06,0.07,0.01,16.67
SITE,5-May-21,21-Mar,-0.44,0.16,0.6,136.36
SIVB,22-Apr-21,21-Mar,6.94,10.03,3.09,44.52
SIX,28-Apr-21,21-Mar,-1.29,-1.12,0.17,13.18
SJM,3-Jun-21,21-Apr,1.68,1.89,0.21,12.5
SKX,22-Apr-21,21-Mar,0.49,0.63,0.14,28.57
SLB,23-Apr-21,21-Mar,0.19,0.21,0.02,10.53
SLG,21-Apr-21,21-Mar,1.58,-0.11,-1.69,-106.96
SLGN,28-Apr-21,21-Mar,0.71,0.75,0.04,5.63
SLM,21-Apr-21,21-Mar,1,1.77,0.77,77
SMAR,2-Jun-21,21-Apr,-0.14,-0.09,0.05,35.71
SMG,5-May-21,21-Mar,5.51,5.64,0.13,2.36
SNA,22-Apr-21,21-Mar,3.01,3.5,0.49,16.28
SNDR,29-Apr-21,21-Mar,0.29,0.31,0.02,6.9
SNOW,26-May-21,21-Apr,-0.16,-0.24,-0.08,-50
SNPS,19-May-21,21-Apr,1.52,1.7,0.18,11.84
SNV,20-Apr-21,21-Mar,0.93,1.21,0.28,30.11
SNX,22-Mar-21,21-Feb,1.7,1.89,0.19,11.18
SO,29-Apr-21,21-Mar,0.85,0.98,0.13,15.29
SON,22-Apr-21,21-Mar,0.85,0.9,0.05,5.88
SPB,7-May-21,21-Mar,0.96,1.76,0.8,83.33
SPCE,10-May-21,21-Mar,-0.31,-0.55,-0.24,-77.42
SPG,10-May-21,21-Mar,2.25,1.36,-0.89,-39.56
SPGI,29-Apr-21,21-Mar,3.13,3.39,0.26,8.31
SPLK,2-Jun-21,21-Apr,-0.72,-0.91,-0.19,-26.39
SPOT,28-Apr-21,21-Mar,-0.61,-0.3,0.31,50.82
SPR,5-May-21,21-Mar,-0.93,-1.22,-0.29,-31.18
SQ,6-May-21,21-Mar,0.16,0.41,0.25,156.25
SRC,5-May-21,21-Mar,0.73,-0.04,-0.77,-105.48
SRCL,29-Apr-21,21-Mar,0.59,0.71,0.12,20.34
SRE,5-May-21,21-Mar,2.77,2.95,0.18,6.5
SRPT,5-May-21,21-Mar,-2.01,-2.1,-0.09,-4.48
SSNC,26-Apr-21,21-Mar,1.1,1.18,0.08,7.27
ST,27-Apr-21,21-Mar,0.74,0.86,0.12,16.22
STE,18-May-21,21-Mar,1.8,1.63,-0.17,-9.44
STL,19-Apr-21,21-Mar,0.46,0.51,0.05,10.87
STLD,19-Apr-21,21-Mar,1.98,2.1,0.12,6.06
STNE,1-Jun-21,21-Mar,0.16,0.09,-0.07,-43.75
STOR,6-May-21,21-Mar,0.45,0.21,-0.24,-53.33
STT,16-Apr-21,21-Mar,1.34,1.47,0.13,9.7
STWD,6-May-21,21-Mar,0.51,0.5,-0.01,-1.96
STZ,8-Apr-21,21-Feb,1.49,1.82,0.33,22.15
SUI,26-Apr-21,21-Mar,1.16,0.23,-0.93,-80.17
SWCH,10-May-21,21-Mar,0.05,0.08,0.03,60
SWI,29-Apr-21,21-Mar,0.38,0.46,0.08,21.05
SWK,28-Apr-21,21-Mar,2.56,3.13,0.57,22.27
SWKS,29-Apr-21,21-Mar,2.34,2.37,0.03,1.28
SYF,27-Apr-21,21-Mar,1.5,1.73,0.23,15.33
SYK,27-Apr-21,21-Mar,1.98,1.93,-0.05,-2.53
SYNH,29-Apr-21,21-Mar,0.74,0.79,0.05,6.76
SYY,4-May-21,21-Mar,0.2,0.22,0.02,10
T,22-Apr-21,21-Mar,0.77,0.86,0.09,11.69
TAP,29-Apr-21,21-Mar,-0.12,0.01,0.13,108.33
TDC,6-May-21,21-Mar,0.62,0.69,0.07,11.29
TDG,11-May-21,21-Mar,2.52,2.58,0.06,2.38
TDOC,28-Apr-21,21-Mar,-0.57,0.13,0.7,122.81
TDY,28-Apr-21,21-Mar,2.59,3.02,0.43,16.6
TEAM,29-Apr-21,21-Mar,0.29,0.48,0.19,65.52
TECH,6-May-21,21-Mar,1.5,1.79,0.29,19.33
TER,27-Apr-21,21-Mar,1.04,1.11,0.07,6.73
TFSL,29-Apr-21,21-Mar,0.07,0.08,0.01,14.29
TFX,29-Apr-21,21-Mar,2.44,2.87,0.43,17.62
TGT,19-May-21,21-Apr,2.26,3.69,1.43,63.27
THG,29-Apr-21,21-Mar,0.75,1.66,0.91,121.33
THO,8-Jun-21,21-Apr,2.36,3.29,0.93,39.41
TJX,19-May-21,21-Apr,0.31,0.44,0.13,41.94
TKR,28-Apr-21,21-Mar,1.2,1.38,0.18,15
TMO,29-Apr-21,21-Mar,6.69,7.21,0.52,7.77
TMUS,4-May-21,21-Mar,0.55,0.92,0.37,67.27
TMX,6-May-21,21-Mar,0.21,0.3,0.09,42.86
TNDM,5-May-21,21-Mar,-0.15,-0.07,0.08,53.33
TNL,28-Apr-21,21-Mar,0.17,0.39,0.22,129.41
TOL,25-May-21,21-Apr,0.8,1.01,0.21,26.25
TPL,6-May-21,21-Mar,5.77,6.45,0.68,11.79
TPR,6-May-21,21-Mar,0.3,0.51,0.21,70
TPX,29-Apr-21,21-Mar,0.51,0.64,0.13,25.49
TREX,10-May-21,21-Mar,0.38,0.42,0.04,10.53
TRGP,6-May-21,21-Mar,0.15,0.53,0.38,253.33
TRIP,6-May-21,21-Mar,-0.31,-0.39,-0.08,-25.81
TRMB,5-May-21,21-Mar,0.56,0.66,0.1,17.86
TROW,29-Apr-21,21-Mar,2.92,3.01,0.09,3.08
TRU,27-Apr-21,21-Mar,0.8,0.91,0.11,13.75
TRV,20-Apr-21,21-Mar,2.44,2.73,0.29,11.89
TSCO,22-Apr-21,21-Mar,0.99,1.55,0.56,56.57
TSLA,26-Apr-21,21-Mar,0.79,0.93,0.14,17.72
TSN,10-May-21,21-Mar,1.11,1.34,0.23,20.72
TTC,3-Jun-21,21-Apr,1.23,1.29,0.06,4.88
TTD,10-May-21,21-Mar,0.08,0.14,0.06,75
TTWO,18-May-21,21-Mar,0.68,1.44,0.76,111.76
TW,29-Apr-21,21-Mar,0.43,0.43,0,0
TWLO,5-May-21,21-Mar,-0.1,0.05,0.15,150
TWTR,29-Apr-21,21-Mar,0.14,0.16,0.02,14.29
TXG,5-May-21,21-Mar,-0.25,-0.11,0.14,56
TXN,27-Apr-21,21-Mar,1.56,1.87,0.31,19.87
TXT,29-Apr-21,21-Mar,0.47,0.7,0.23,48.94
TYL,28-Apr-21,21-Mar,1.31,1.43,0.12,9.16
UA,4-May-21,21-Mar,0.04,0.16,0.12,300
UAA,4-May-21,21-Mar,0.04,0.16,0.12,300
UAL,19-Apr-21,21-Mar,-6.97,-7.5,-0.53,-7.6
UBER,5-May-21,21-Mar,-0.56,-0.42,0.14,25
UDR,27-Apr-21,21-Mar,0.48,0.01,-0.47,-97.92
UGI,5-May-21,21-Mar,1.72,1.99,0.27,15.7
UHAL,26-May-21,21-Mar,5.07,3.76,-1.31,-25.84
UHS,26-Apr-21,21-Mar,2.15,2.44,0.29,13.49
ULTA,27-May-21,21-Apr,1.92,4.1,2.18,113.54
UMPQ,21-Apr-21,21-Mar,0.45,0.49,0.04,8.89
UNH,15-Apr-21,21-Mar,4.42,5.31,0.89,20.14
UNM,5-May-21,21-Mar,0.98,1.04,0.06,6.12
UNP,22-Apr-21,21-Mar,2.06,2,-0.06,-2.91
UNVR,7-May-21,21-Mar,0.32,0.43,0.11,34.38
UPS,27-Apr-21,21-Mar,1.67,2.77,1.1,65.87
UPST,11-May-21,21-Mar,0.15,0.22,0.07,46.67
URI,28-Apr-21,21-Mar,3.1,3.45,0.35,11.29
USB,15-Apr-21,21-Mar,0.95,1.45,0.5,52.63
USFD,10-May-21,21-Mar,0.07,0.12,0.05,71.43
UTHR,5-May-21,21-Mar,2.6,0.61,-1.99,-76.54
V,27-Apr-21,21-Mar,1.26,1.38,0.12,9.52
VAC,5-May-21,21-Mar,-0.29,-0.49,-0.2,-68.97
VEEV,27-May-21,21-Apr,0.78,0.91,0.13,16.67
VFC,21-May-21,21-Mar,0.3,0.27,-0.03,-10
VICI,29-Apr-21,21-Mar,0.47,0.5,0.03,6.38
VIRT,4-May-21,21-Mar,1.3,2.04,0.74,56.92
VLO,22-Apr-21,21-Mar,-1.91,-1.73,0.18,9.42
VMC,4-May-21,21-Mar,0.41,0.69,0.28,68.29
VMI,21-Apr-21,21-Mar,2.12,2.57,0.45,21.23
VMW,27-May-21,21-Apr,1.74,1.76,0.02,1.15
VNO,3-May-21,21-Mar,0.63,0.06,-0.57,-90.48
VOYA,10-May-21,21-Mar,1.08,1.03,-0.05,-4.63
VRSK,4-May-21,21-Mar,1.25,1.23,-0.02,-1.6
VRSN,22-Apr-21,21-Mar,1.29,1.33,0.04,3.1
VRT,28-Apr-21,21-Mar,0.12,0.21,0.09,75
VRTX,29-Apr-21,21-Mar,2.77,2.98,0.21,7.58
VSAT,25-May-21,21-Mar,0.03,0.11,0.08,266.67
VST,4-May-21,21-Mar,-2.34,-4.21,-1.87,-79.91
VTR,7-May-21,21-Mar,0.7,-0.15,-0.85,-121.43
VVV,28-Apr-21,21-Mar,0.37,0.46,0.09,24.32
VZ,21-Apr-21,21-Mar,1.29,1.31,0.02,1.55
W,6-May-21,21-Mar,0.29,1,0.71,244.83
WAB,29-Apr-21,21-Mar,0.85,0.89,0.04,4.71
WAL,15-Apr-21,21-Mar,1.46,1.9,0.44,30.14
WAT,5-May-21,21-Mar,1.57,2.29,0.72,45.86
WBA,31-Mar-21,21-Feb,1.1,1.4,0.3,27.27
WBS,19-Apr-21,21-Mar,0.89,1.25,0.36,40.45
WDAY,26-May-21,21-Apr,0.73,0.87,0.14,19.18
WDC,29-Apr-21,21-Mar,0.67,1.02,0.35,52.24
WEC,3-May-21,21-Mar,1.47,1.61,0.14,9.52
WELL,28-Apr-21,21-Mar,0.75,0.28,-0.47,-62.67
WEN,12-May-21,21-Mar,0.14,0.2,0.06,42.86
WEX,29-Apr-21,21-Mar,1.6,1.79,0.19,11.88
WFC,14-Apr-21,21-Mar,0.69,1.05,0.36,52.17
WH,28-Apr-21,21-Mar,0.25,0.36,0.11,44
WHR,21-Apr-21,21-Mar,5.38,7.2,1.82,33.83
WIX,12-May-21,21-Mar,-0.73,-0.54,0.19,26.03
WLK,4-May-21,21-Mar,1.56,1.87,0.31,19.87
WLTW,29-Apr-21,21-Mar,3.26,3.64,0.38,11.66
WM,27-Apr-21,21-Mar,1,1.06,0.06,6
WMB,3-May-21,21-Mar,0.28,0.35,0.07,25
WMS,20-May-21,21-Mar,0.38,0.23,-0.15,-39.47
WMT,18-May-21,21-Apr,1.22,1.69,0.47,38.52
WOOF,20-May-21,21-Mar,0.11,0.17,0.06,54.55
WPC,30-Apr-21,21-Mar,1.21,0.29,-0.92,-76.03
WRB,20-Apr-21,21-Mar,0.89,1.08,0.19,21.35
WRK,5-May-21,21-Mar,0.62,0.54,-0.08,-12.9
WSM,26-May-21,21-Apr,1.85,2.93,1.08,58.38
WSO,22-Apr-21,21-Mar,0.91,1.39,0.48,52.75
WST,29-Apr-21,21-Mar,1.42,2.05,0.63,44.37
WTFC,19-Apr-21,21-Mar,1.41,2.54,1.13,80.14
WU,4-May-21,21-Mar,0.45,0.44,-0.01,-2.22
WWD,3-May-21,21-Mar,0.82,1.04,0.22,26.83
WWE,22-Apr-21,21-Mar,0.23,0.51,0.28,121.74
WY,30-Apr-21,21-Mar,0.93,0.91,-0.02,-2.15
WYNN,10-May-21,21-Mar,-2,-2.41,-0.41,-20.5
X,29-Apr-21,21-Mar,0.91,1.08,0.17,18.68
XEL,29-Apr-21,21-Mar,0.61,0.67,0.06,9.84
XLNX,4-May-21,21-Mar,0.75,0.82,0.07,9.33
XLRN,6-May-21,21-Mar,-0.83,-0.77,0.06,7.23
XOM,30-Apr-21,21-Mar,0.59,0.65,0.06,10.17
XPO,3-May-21,21-Mar,0.93,1.46,0.53,56.99
XRAY,6-May-21,21-Mar,0.55,0.72,0.17,30.91
XRX,20-Apr-21,21-Mar,0.23,0.22,-0.01,-4.35
XYL,4-May-21,21-Mar,0.37,0.56,0.19,51.35
Y,6-May-21,21-Mar,4.65,9.81,5.16,110.97
YETI,13-May-21,21-Mar,0.22,0.38,0.16,72.73
YUM,28-Apr-21,21-Mar,0.85,1.07,0.22,25.88
YUMC,27-Apr-21,21-Mar,0.41,0.54,0.13,31.71
ZBH,4-May-21,21-Mar,1.51,1.71,0.2,13.25
ZBRA,4-May-21,21-Mar,4.41,4.79,0.38,8.62
ZEN,29-Apr-21,21-Mar,0.12,0.17,0.05,41.67
ZG,4-May-21,21-Mar,0.24,0.44,0.2,83.33
ZION,19-Apr-21,21-Mar,1.15,1.9,0.75,65.22
ZM,1-Jun-21,21-Apr,0.97,1.32,0.35,36.08
ZNGA,5-May-21,21-Mar,0.09,0.08,-0.01,-11.11
ZS,25-May-21,21-Apr,0.07,0.15,0.08,114.29
ZTS,6-May-21,21-Mar,1.04,1.26,0.22,21.15
